{"cameraMode":{"drawMode":0,"name":"Shaded","section":"Shading Mode"},"sceneLighting":true,"audioPlay":false,"sceneViewState":{"m_AlwaysRefresh":false,"showFog":true,"showSkybox":true,"showFlares":true,"showImageEffects":true,"showParticleSystems":true,"showVisualEffectGraphs":true,"m_FxEnabled":true},"in2DMode":false,"pivot":{"x":-45.29253005981445,"y":-0.5036161541938782,"z":5.6702961921691898},"rotation":{"x":-0.011117365211248398,"y":0.6692041158676148,"z":-0.010069217532873154,"w":-0.7430310249328613},"size":16.195383071899415,"orthographic":false}